cluster_id	caller	source_species	target_species	contig	start	end	core_genes	confidence	claim_level
GC-FIX-001	annotation_direct	synthetic_source_species	synthetic_target_species	synthetic_contig_1	1000	4200	protein_alpha;protein_beta	0.82	L3_annotation_neighborhood_ready
GC-FIX-001	cblaster	synthetic_source_species	synthetic_target_species	synthetic_contig_1	1000	4200	protein_alpha;protein_beta	0.78	L4_consensus_supported
GC-FIX-002	annotation_direct	synthetic_source_species	synthetic_target_species	synthetic_contig_1	8000	12500	protein_gamma;protein_delta	0.71	L3_annotation_neighborhood_ready
GC-FIX-002	antiSMASH	synthetic_source_species	synthetic_target_species	synthetic_contig_1	8400	12100	protein_gamma;protein_delta	0.69	L2_coordinate_context_ready
GC-FIX-003	annotation_direct	synthetic_source_species	synthetic_target_species	synthetic_contig_2	200	3800	protein_epsilon;protein_zeta	0.65	L3_annotation_neighborhood_ready
GC-FIX-004	annotation_direct	synthetic_source_species	synthetic_target_species	synthetic_contig_3	5000	9200	protein_eta;protein_theta;protein_iota	0.88	L3_annotation_neighborhood_ready
GC-FIX-004	cblaster	synthetic_source_species	synthetic_target_species	synthetic_contig_3	5000	9200	protein_eta;protein_theta;protein_iota	0.86	L4_consensus_supported
GC-FIX-004	antiSMASH	synthetic_source_species	synthetic_target_species	synthetic_contig_3	5000	9200	protein_eta;protein_theta;protein_iota	0.90	L5_claim_audited_dossier_ready
GC-FIX-005	annotation_direct	synthetic_source_species	synthetic_target_species	synthetic_contig_4	1000	2200	protein_kappa	0.42	L2_coordinate_context_ready
