candidate_id	step_id	sequence_type	sequence_pointer	aa_length	checksum_or_version	source_database	license_boundary	domain_map_status	notes
E-VAN-S001-FA-MODULE	S001	protein_aa	provider_output_after_run:S001/candidate-data-pack/protein-aa.faa#E-VAN-S001-FA-MODULE	0	review_before_run	swissprot_selected	accession_summary_only	planned	AA sequence pointer will be provider-side after live search; no FASTA stored in repo.
E-VAN-S002-CANONICAL	S002	protein_aa	provider_output_after_run:S002/candidate-data-pack/protein-aa.faa#canonical-bin	0	review_before_run	uniref_selected	accession_summary_only	planned	Canonical bin sequence package pointer only.
E-VAN-S002-DIVERSE	S002	protein_aa	provider_output_after_run:S002/candidate-data-pack/protein-aa.faa#diverse-bin	0	review_before_run	uniref_selected	accession_summary_only	planned	Diverse bin pointer; raw all-hit outputs stay provider-side.
E-VAN-S003-OXIDATIVE	S003	protein_aa	provider_output_after_run:S003/candidate-data-pack/protein-aa.faa#oxidative-bin	0	review_before_run	refseq_protein_selected	accession_summary_only	planned	Alternative route protein AA pointer only.
E-VAN-S003-DIVERSE	S003	protein_aa	provider_output_after_run:S003/candidate-data-pack/protein-aa.faa#diverse-bin	0	review_before_run	refseq_protein_selected	accession_summary_only	planned	Diversity spread sequence pointer after run.
E-VAN-S004-HOST-FLUX	S004	reference_pointer	host_model_context_after_review:S004/no-protein-package	0	review_before_run	yeast_host_context	host_context_only	not_required	Host flux review is not a protein candidate package.
E-VAN-S005-DARK	S005	protein_aa	provider_output_after_run:S005/candidate-data-pack/protein-aa.faa#dark-step-bin	0	review_before_run	uniref_selected	accession_summary_only	planned	Dark-step candidate package pointer; may split into multiple candidate ids after search.
E-VAN-S006-UGT	S006	protein_aa	provider_output_after_run:S006/candidate-data-pack/protein-aa.faa#ugt-bin	0	review_before_run	uniref_selected	accession_summary_only	planned	UGT AA sequence pointer only.
E-VAN-S006-WEIRD	S006	protein_aa	provider_output_after_run:S006/candidate-data-pack/protein-aa.faa#weird-bin	0	review_before_run	uniref_selected	accession_summary_only	planned	Weird/remote sequence pointer after clustering.
